"name"	"source"	"tool_found"	"url"	"article_or_resources"	"networked"	"model"	"eds"	"update"	"environmental_conditions"
"iMapInvasives"	"WoS"	"YES"	"https://play.google.com/store/apps/details?id=com.ltc.imapapp&hl=en"	"https://www.imapinvasives.org/"	"YES"	"NO"	"NO"	"NO"	"NO"
"CitSci"	"WoS"	"YES"	"https://play.google.com/store/apps/details?id=com.nrel.citsci&hl=en_US&gl=US"	"https://citsci.org/"	"YES"	"NO"	"NO"	"NO"	"NO"
"BirdTrack"	"WoS"	"YES"	"https://play.google.com/store/apps/details?id=org.bto.btapp&hl=en_GB"	"https://www.bto.org/get-involved/volunteer/projects/birdtrack/about-birdtrack-app"	"YES"	"UNKNOWN"	"UNKNOWN"	"UNKNOWN"	"NO"
"BeeWatch: Beekeeper Apiary Management System"	"WoS"	"YES"	"https://www.bee.watch/beekeeper-apiary-management-system"	NA	"YES"	"NO"	"NO"	"NO"	"NO"
"LeafSnap Plant Identification"	"WoS"	"YES"	"https://leafsnap.app/index.html"	"https://link.springer.com/chapter/10.1007/978-3-642-33709-3_36"	"YES"	"YES"	"NO"	"NO"	"NO"
"EDDMapS mobile app."	"WoS"	"YES"	"https://www.eddmaps.org/apps.cfm"	"https://www.cabidigitallibrary.org/doi/abs/10.1079/9781800621459.0012"	"YES"	"UNKNOWN"	"UNKNOWN"	"UNKNOWN"	"NO"
"iRecord Butterflies"	"WoS"	"YES"	"https://play.google.com/store/apps/details?id=com.natural_apptitude.butterfly&hl=en_GB"	"https://butterfly-conservation.org/our-work/recording-and-monitoring/irecord-butterflies"	"YES"	"YES"	"NO"	"UNKNOWN"	"NO"
"OpenBioMaps"	"WoS"	"YES"	"https://play.google.com/store/apps/details?id=com.openbiomapsmobile"	"https://link.springer.com/article/10.1007/s12145-022-00818-3"	"YES"	"NO"	"NO"	"NO"	"NO"
"Papillonline"	"WoS"	"YES"	"https://play.google.com/store/apps/details?id=org.noe.papillons&hl=fr"	NA	"YES"	"YES"	"NO"	"UNKNOWN"	"NO"
"FeralScan Pest Mapping"	"WoS"	"YES"	"https://play.google.com/store/apps/details?id=com.invasiveanimals.feralscan_pest_mapping"	"https://www.tandfonline.com/doi/abs/10.1080/14486563.2025.2458286"	"YES"	"UNKNOWN"	"NO"	"UNKNOWN"	"NO"
"Litter Stopper"	"WoS"	"YES"	"https://play.google.com/store/apps/details?id=com.litterstoper&hl=en_US"	NA	"YES"	"NO"	"NO"	"NO"	"NO"
"EarthEcho Water Challenge"	"WoS"	"YES"	"https://play.google.com/store/apps/details?id=co.mwater.wwmc&hl=en_GB"	"https://www.tandfonline.com/doi/pdf/10.1080/00368555.2020.12293553"	"YES"	"NO"	"NO"	"NO"	"NO"
"Artsorakel (Artsobservasjoner)"	"WoS"	"YES"	"https://play.google.com/store/apps/details?id=no.artsdatabanken.orakel&hl=da"	"https://mobil.artsobservasjoner.no/"	"YES"	"YES"	"NO"	"YES"	"NO"
"India Biodiversity Portal (IBP)"	"WoS"	"YES"	"https://play.google.com/store/apps/details?id=com.mobisys.android.ibp"	"https://pmc.ncbi.nlm.nih.gov/articles/PMC5136667/"	"YES"	"NO"	"NO"	"NO"	"NO"
"INPN Espèces"	"WoS"	"YES"	"https://play.google.com/store/apps/details?id=fr.mnhn.inpnespeces&hl=fr"	"https://mnhn.hal.science/mnhn-04144189/document"	"YES"	"NO"	"NO"	"NO"	"NO"
"BelevingApp"	"WoS"	"YES"	"https://play.google.com/store/apps/details?id=com.rivm.belevingsapp"	"https://www.samenmeten.nl/beleving-app-rivm"	"YES"	"NO"	"NO"	"NO"	"NO"
"DengueChat"	"WoS"	"YES"	"https://play.google.com/store/apps/details?id=org.denguechatplus"	"https://pmc.ncbi.nlm.nih.gov/articles/PMC8641316/"	"YES"	"UNKNOWN"	"NO"	"UNKNOWN"	"UNKNOWN"
"Butterfly Australia"	"WoS"	"YES"	"https://play.google.com/store/apps/details?id=au.com.geometry.butterflies&hl=en_SG"	"https://onlinelibrary.wiley.com/doi/full/10.1111/aen.12513"	"YES"	"NO"	"NO"	"NO"	"NO"
"LastQuake"	"WoS"	"YES"	"https://play.google.com/store/apps/details?id=org.emsc_csem.lastquake&hl=en_GB"	"https://www.sciencedirect.com/science/article/pii/S2212420918302097"	"YES"	"NO"	"NO"	"NO"	"NO"
"Mosquito Altert"	"WoS"	"YES"	"https://play.google.com/store/apps/details?id=ceab.movelab.tigatrapp"	"https://www.mosquitoalert.com/en/"	"YES"	"NO"	"NO"	"NO"	"NO"
"Flora Capture"	"WoS"	"YES"	"https://play.google.com/store/apps/details?id=com.floraincognita.app.floracapture"	"https://link.springer.com/article/10.1186/s12859-020-03920-9"	"YES"	"NO"	"NO"	"NO"	"NO"
"OneBusAway"	"WoS"	"YES"	"https://play.google.com/store/apps/details?id=com.joulespersecond.seattlebusbot"	"https://homes.cs.washington.edu/~borning/papers/ferris-chi2010-onebusaway.pdf?utm_source=chatgpt.com"	"YES"	"YES"	"NO"	"NO"	"NO"
"Ikimono-Log"	"WoS"	"YES"	"https://play.google.com/store/apps/details?id=jp.go.biodic.ikilog.ikimonolog&hl=fr"	NA	"YES"	"NO"	"UNKNOWN"	"NO"	"UNKNOWN"
"i-Tree (USA)"	"WoS"	"YES"	"https://play.google.com/store/apps/details?id=org.itreetools.mytree"	"https://www.itreetools.org/"	"YES"	"YES"	"YES (explicit)"	"NO"	"YES"
"iNaturalist"	"WoS"	"YES"	"https://play.google.com/store/apps/details?id=org.inaturalist.android&hl=en_GB"	"https://www.publish.csiro.au/wr/wr20154"	"YES"	"YES"	"NO"	"YES"	"NO"
"eBird"	"WoS"	"YES"	"https://play.google.com/store/apps/details?id=edu.cornell.birds.ebird&hl=en_GB"	"https://www.sciencedirect.com/science/article/abs/pii/S000632070900216X"	"YES"	"YES"	"NO"	"YES"	"NO"
"FishVerify"	"WoS"	"YES"	"https://play.google.com/store/apps/details?id=com.fishverify"	"https://www.fishverify.com/#the_app"	"YES"	"YES"	"NO"	"UNKNOWN"	"NO"
"IveGot1"	"WoS"	"YES"	"https://play.google.com/store/apps/details?id=com.bugwood.ivegot1"	"https://www.eddmaps.org/project/florida/"	"YES"	"NO"	"NO"	"NO"	"NO"
"Wildtiere"	"WoS"	"YES"	"https://play.google.com/store/apps/details?id=com.hrzg.mlr.wta&hl=fr"	"https://www.wildtierportal-bw.de/de"	"YES"	"NO"	"NO"	"NO"	"NO"
"eButterfly"	"WoS"	"YES"	"https://play.google.com/store/apps/details?id=org.ebutterfly.eButterfly"	NA	"YES"	"YES"	"NO"	"UNKNOWN"	"NO"
"Nature’s Notebook"	"WoS"	"YES"	"https://play.google.com/store/apps/details?id=org.usanpn.naturesnotebookmobile"	NA	"YES"	"NO"	"NO"	"NO"	"NO"
"Spipoll"	"WoS"	"YES"	"https://play.google.com/store/apps/details?id=fr.eneo.spipoll&hl=en_GB"	NA	"YES"	"NO"	"NO"	"NO"	"NO"
"Dive reporter"	"WoS"	"YES"	"https://play.google.com/store/apps/details?id=com.tigerwhale.divereporter"	NA	"YES"	"NO"	"NO"	"NO"	"NO"
"GLOBE Observer (GO)"	"WoS"	"YES"	"https://play.google.com/store/apps/details?id=gov.nasa.globe.observer&hl=en_GB"	NA	"YES"	"NO"	"NO"	"NO"	"NO"
"Burungnesia"	"WoS"	"YES"	"https://play.google.com/store/apps/details?id=com.sikebo.burungnesia.citizenScience2"	NA	"YES"	"NO"	"UNKNOWN"	"NO"	"UNKNOWN"
"Artportalen"	"WoS"	"YES"	"https://play.google.com/store/apps/details?id=se.ravenab.species"	NA	"YES"	"YES"	"NO"	"NO"	"NO"
"iMammalia"	"WoS"	"YES"	"https://play.google.com/store/apps/details?id=uk.ac.ceh.imammalia&hl=fr"	NA	"YES"	"NO"	"NO"	"NO"	"NO"
"Schmetterlinge Österreichs"	"WoS"	"YES"	"https://play.google.com/store/apps/details?id=at.apptec.schmetterling&hl=de"	NA	"YES"	"YES"	"NO"	"NO"	"NO"
"Waarneming.nl"	"WoS"	"YES"	"https://waarneming.nl/"	NA	"YES"	"UNKNOWN"	"NO"	"UNKNOWN"	"NO"
"Echo Meter Touch Bat Detector"	"WoS"	"YES"	"https://play.google.com/store/apps/details?id=emtouch.wildlifeacoustics.com.echometer&hl=en_GB"	NA	"YES"	"YES"	"NO"	"NO"	"NO"
"Marine Debris Tracker"	"WoS"	"YES"	"https://play.google.com/store/apps/details?id=edu.uga.engr.geolog.marinedebristrack&hl=en_GB"	NA	"YES"	"NO"	"NO"	"NO"	"NO"
"Biome"	"WoS"	"YES"	"https://play.google.com/store/apps/dev?id=7720231518429128834"	NA	"YES"	"UNKNOWN"	"UNKNOWN"	"UNKNOWN"	"UNKNOWN"
"iSeeMammals"	"WoS"	"YES"	"https://apps.apple.com/us/app/iseemammals/id1149065171"	NA	"YES"	"NO"	"NO"	"NO"	"NO"
"TurtleSAT"	"WoS"	"YES"	"https://play.google.com/store/apps/details?id=au.org.turtlesat&hl=fr"	"https://www.turtlesat.org.au/turtlesat/"	"YES"	"NO"	"NO"	"NO"	"NO"
"WikiAves"	"WoS"	"YES"	"https://play.google.com/store/apps/details?id=com.gambiarrapps.avesnors"	NA	"YES"	"NO"	"NO"	"NO"	"NO"
"InNat"	"WoS"	"YES"	"https://play.google.com/store/apps/details?id=io.innat.nature"	NA	"YES"	"NO"	"NO"	"NO"	"NO"
"LIFE-IP 4 Natura"	"WoS"	"YES"	"https://play.google.com/store/apps/details?id=gr.lifeip.ppgis"	NA	"YES"	"NO"	"NO"	"NO"	"NO"
"FrogID"	"WoS"	"YES"	"https://play.google.com/store/apps/details?id=au.net.australianmuseum.frogid&hl=fr"	NA	"YES"	"YES"	"NO"	"NO"	"NO"
"Zooniverse"	"WoS"	"YES"	"https://play.google.com/store/apps/details?id=com.zooniversemobile&hl=en_GB"	NA	"YES"	"NO"	"NO"	"NO"	"NO"
"“Invasive Alien Species in Europe” smartphone app"	"WoS"	"YES"	"https://play.google.com/store/apps/details?id=eu.europa.publications.mygeossias"	NA	"YES"	"NO"	"NO"	"NO"	"NO"
"ObsMapp"	"WoS"	"YES"	"https://play.google.com/store/apps/details?id=org.obsmapp&hl=en_GB"	NA	"YES"	"NO"	"NO"	"NO"	"NO"
"Emotional Maps (Pocitové mapy'"	"WoS"	"YES"	"https://www.pocitovemapy.cz/en/"	NA	"YES"	"NO"	"NO"	"NO"	"NO"
"Pl@ntNet"	"WoS"	"YES"	"https://play.google.com/store/apps/details?id=org.plantnet"	NA	"YES"	"YES"	"NO"	"YES"	"NO"
"Flora Incognita"	"WoS"	"YES"	"https://play.google.com/store/apps/details?id=com.floraincognita.app.floraincognita&hl=en_GB"	"https://floraincognita.com/"	"YES"	"YES"	"NO"	"UNKNOWN"	"NO"
"Merlin Bird ID App"	"WoS"	"YES"	"https://play.google.com/store/apps/details?id=com.labs.merlinbirdid.app&hl=en_GB"	NA	"YES"	"YES"	"NO"	"YES"	"NO"
"FlorID"	"WoS"	"YES"	"https://florid.ch/"	NA	"YES"	"YES"	"NO"	"UNKNOWN"	"NO"
"PlutoF"	"WoS"	"YES"	"https://play.google.com/store/apps/details?id=com.plutof.go&hl=fr"	NA	"YES"	"UNKNOWN"	"NO"	"UNKNOWN"	"NO"
"Crane Radar"	"Non-systematic"	"YES"	"https://www.sensingclues.org/craneradar"	"https://www.sciencedirect.com/science/article/pii/S1574954124004801?via%3Dihub"	"YES"	"YES"	"NO"	"YES"	"YES"
"3DFEMWATER/3DLEWASTE"	"Hydrologic Modeling CoP"	"YES"	"https://www.epa.gov/hydrowq/3dfemwater3dlewaste"	"https://www.osti.gov/biblio/5998824"	"NO"	"YES"	"YES (implicit)"	"NO"	"YES"
"GFLOW"	"Hydrologic Modeling CoP"	"YES"	"https://www.epa.gov/hydrowq/gflow-groundwater-flow-analytic-element-model"	NA	"NO"	"YES"	"YES (implicit)"	"NO"	"YES"
"PRZM"	"Hydrologic Modeling CoP"	"YES"	"https://www.epa.gov/hydrowq/przm-version-index"	NA	"NO"	"YES"	"YES (implicit)"	"NO"	"YES"
"WhAEM"	"Hydrologic Modeling CoP"	"YES"	"https://www.epa.gov/hydrowq/wellhead-analytic-element-model-whaem"	NA	"NO"	"YES"	"YES (implicit)"	"NO"	"YES"
"ACE"	"Hydrologic Modeling CoP"	"YES"	"https://www.epa.gov/hydrowq/acute-chronic-estimation-ace-time-concentration-effect-models-software"	NA	"NO"	"YES"	"YES (explicit)"	"NO"	"YES"
"AQUATOX"	"Hydrologic Modeling CoP"	"YES"	"https://www.epa.gov/hydrowq/aquatox"	NA	"NO"	"YES"	"YES (explicit)"	"NO"	"YES"
"BASS"	"Hydrologic Modeling CoP"	"YES"	"https://www.epa.gov/hydrowq/bioaccumulation-and-aquatic-system-simulator-bass"	NA	"NO"	"YES"	"YES (explicit)"	"NO"	"YES"
"FGETS"	"Hydrologic Modeling CoP"	"YES"	"https://www.epa.gov/hydrowq/fgets"	NA	"NO"	"YES"	"YES (implicit)"	"NO"	"YES"
"SERAFM"	"Hydrologic Modeling CoP"	"YES"	"https://www.epa.gov/hydrowq/serafm-conceptual-model"	NA	"NO"	"YES"	"YES (explicit)"	"NO"	"YES"
"Web-ICE"	"Hydrologic Modeling CoP"	"YES"	"https://www3.epa.gov/ceampubl/fchain/webice/"	NA	"YES"	"YES"	"YES (explicit)"	"NO"	"NO"
"WHATIF"	"Hydrologic Modeling CoP"	"YES"	"https://www.epa.gov/hydrowq/whatif-watershed-health-assessment-tools-investigating-fisheries"	NA	"NO"	"YES"	"YES (explicit)"	"NO"	"YES"
"BASINS"	"Hydrologic Modeling CoP"	"YES"	"https://www.epa.gov/hydrowq/better-assessment-science-integrating-point-and-non-point-sources-basins"	"https://www.epa.gov/system/files/documents/2022-02/basins4.5coremanual.2019.03_partial_508c.pdf"	"NO"	"YES"	"YES (explicit)"	"NO"	"YES"
"CGEM"	"Hydrologic Modeling CoP"	"YES"	"https://www.epa.gov/hydrowq/coastal-generalized-ecosystem-model-cgem"	NA	"NO"	"YES"	"YES (explicit)"	"NO"	"YES"
"DFLOW"	"Hydrologic Modeling CoP"	"YES"	"https://www.epa.gov/hydrowq/dflow"	NA	"NO"	"YES"	"YES (explicit)"	"NO"	"YES"
"EFDC"	"Hydrologic Modeling CoP"	"YES"	"https://www.epa.gov/hydrowq/environmental-fluid-dynamics-code-efdc"	NA	"NO"	"YES"	"YES (explicit)"	"NO"	"YES"
"EXAMS"	"Hydrologic Modeling CoP"	"YES"	"https://www.epa.gov/hydrowq/exams-version-index"	NA	"NO"	"YES"	"YES (explicit)"	"NO"	"YES"
"EXPRESS"	"Hydrologic Modeling CoP"	"YES"	"https://www.epa.gov/hydrowq/express-exams-przm-exposure-simulation-shell"	NA	"NO"	"YES"	"YES (explicit)"	"NO"	"YES"
"GCSOLAR"	"Hydrologic Modeling CoP"	"YES"	"https://www.epa.gov/hydrowq/gcsolar"	NA	"NO"	"YES"	"YES (implicit)"	"NO"	"YES"
"HMS"	"Hydrologic Modeling CoP"	"YES"	"https://www.epa.gov/hydrowq/hydrologic-micro-services-hms"	NA	"YES"	"UNKNOWN"	"UNKNOWN"	"NO"	"UNKNOWN"
"HSCTM2D"	"Hydrologic Modeling CoP"	"YES"	"https://www.epa.gov/hydrowq/hsctm2d"	NA	"YES"	"UNKNOWN"	"YES (explicit)"	"NO"	"YES"
"Low Flow"	"Hydrologic Modeling CoP"	"NO"	"https://www.epa.gov/hydrowq/definition-and-characteristics-low-flows"	"Guidance document rather than a software tool."	NA	NA	NA	NA	NA
"PLUMES2.0"	"Hydrologic Modeling CoP"	"YES"	"https://www.epa.gov/hydrowq/PLUMES2"	"https://www.epa.gov/system/files/documents/2025-02/epa_ssmc-plumes2.0_usermanual.pdf"	"NO"	"YES"	"YES (implicit)"	"NO"	"YES"
"PRZM3"	"Hydrologic Modeling CoP"	"YES"	"https://www.epa.gov/hydrowq/przm-version-index"	NA	"NO"	"UNKNOWN"	"UNKNOWN"	"NO"	"UNKNOWN"
"QUAL2K"	"Hydrologic Modeling CoP"	"YES"	"http://www.qual2k.com/"	"https://www.sciencedirect.com/science/article/pii/S1364815224003451"	"NO"	"YES"	"YES (explicit)"	"NO"	"YES"
"RUSLE2"	"Hydrologic Modeling CoP"	"YES"	"https://www.ars.usda.gov/southeast-area/oxford-ms/national-sedimentation-laboratory/watershed-physical-processes-research/research/rusle2/revised-universal-soil-loss-equation-2-overview-of-rusle2/"	NA	"NO"	"YES"	"YES (explicit)"	"NO"	"YES"
"SERAFM"	"Hydrologic Modeling CoP"	"YES"	"https://www.epa.gov/hydrowq/serafm-conceptual-model"	NA	"NO"	"YES"	"YES (explicit)"	"NO"	"YES"
"SWMM"	"Hydrologic Modeling CoP"	"YES"	"https://www.epa.gov/water-research/storm-water-management-model-swmm"	"https://www.epa.gov/system/files/documents/2022-04/swmm-users-manual-version-5.2.pdf"	"NO"	"YES"	"YES (explicit)"	"NO"	"YES"
"Surface Water Toolbox"	"Hydrologic Modeling CoP"	"YES"	"https://www.usgs.gov/software/swtoolbox-software-information"	"https://pubs.usgs.gov/tm/04/a11/tm4a11.pdf"	"NO"	"NO"	"NO"	"NO"	"NO"
"Virtual Beach"	"Hydrologic Modeling CoP"	"YES"	"https://www.epa.gov/hydrowq/virtual-beach-vb"	"https://www.epa.gov/system/files/documents/2025-04/vb3_manual_3_0_7_508.pdf"	"NO"	"YES"	"YES (explicit)"	"NO"	"YES"
"Visual Plumes"	"Hydrologic Modeling CoP"	"YES"	"https://www.epa.gov/hydrowq/PLUMES2"	"https://www.epa.gov/sites/default/files/documents/VP-Manual.pdf"	"NO"	"YES"	"YES (explicit)"	"NO"	"YES"
"WASP"	"Hydrologic Modeling CoP"	"YES"	"https://www.epa.gov/hydrowq/water-quality-analysis-simulation-program-wasp"	NA	"NO"	"YES"	"YES (explicit)"	"NO"	"YES"
"WMOST"	"Hydrologic Modeling CoP"	"YES"	"https://www.epa.gov/hydrowq/wmost"	"https://www.epa.gov/system/files/documents/2024-09/wmost_hcamr_camwrap_userinstructions_v6_07-28-24clean.pdf"	"YES"	"YES"	"YES (explicit)"	"NO"	"YES"
"MINTEQA2"	"Hydrologic Modeling CoP"	"YES"	"https://www.epa.gov/hydrowq/minteqa2-equilibrium-speciation-model"	NA	"NO"	"YES"	"YES (implicit)"	"NO"	"YES"
"MMSOILS"	"Hydrologic Modeling CoP"	"YES"	"https://www.epa.gov/hydrowq/mmsoils"	NA	"NO"	"YES"	"YES (explicit)"	"NO"	"YES"
"MULTIMED 1.01"	"Hydrologic Modeling CoP"	"YES"	"https://www.epa.gov/hydrowq/multimed"	NA	"NO"	"YES"	"YES (implicit)"	"NO"	"YES"
"MULTIMED 2.0 Beta"	"Hydrologic Modeling CoP"	"YES"	"https://www.epa.gov/hydrowq/multimed-20-beta"	NA	"NO"	"YES"	"YES (explicit)"	"NO"	"YES"
"MULTIMED (Daughter Process)"	"Hydrologic Modeling CoP"	"YES"	"https://www.epa.gov/hydrowq/multimdp"	NA	"NO"	"YES"	"YES (implicit)"	"NO"	"YES"
"Intelligent Flood Management
System e IFMS"	"Newman et al. (2017)"	"YES"	"https://cdnsciencepub.com/doi/abs/10.1139/l00-097"	NA	"UNKNOWN"	"YES"	"UNKNOWN"	"UNKNOWN"	"UNKNOWN"
"SIGUrb"	"Newman et al. (2017)"	"YES"	"https://www.sciencedirect.com/science/article/abs/pii/S0956053X10003326"	NA	"YES"	"YES"	"NO"	"NO"	"NO"
"DSS-DM"	"Newman et al. (2017)"	"YES"	"https://onlinelibrary.wiley.com/doi/abs/10.1111/j.0361-3666.2005.00290.x"	NA	"NO"	"YES"	"NO"	"NO"	"UNKNOWN"
"Fire Risk Predictor System;
Expert System for Forest Fire
Management"	"Newman et al. (2017)"	"YES"	"https://www.sciencedirect.com/science/article/pii/S0957417403000952"	NA	"YES"	"YES"	"YES (implicit)"	"NO"	"YES"
"SEISMOCARE"	"Newman et al. (2017)"	"YES"	"https://www.sciencedirect.com/science/article/pii/S0267726107000681"	NA	"NO"	"YES"	"YES (implicit)"	"NO"	"YES"
"Landslide Monitoring and
Management System"	"Newman et al. (2017)"	"YES"	"https://www.mdpi.com/2072-4292/2/9/2259"	NA	"NO"	"YES"	"YES (implicit)"	"NO"	"YES"
"Land Use Planning and Information
System e LUPIS"	"Newman et al. (2017)"	"YES"	"https://www.sciencedirect.com/science/article/pii/S0301479700903505"	NA	"NO"	"NO"	"NO"	"NO"	"NO"
"Land Use Portfolio Modeler e LUPM"	"Newman et al. (2017)"	"YES"	"https://pubs.usgs.gov/publication/tm11C4"	NA	"NO"	"YES"	"UNKNOWN"	"NO"	"UNKNOWN"
"FOMFIS"	"Newman et al. (2017)"	"YES"	"https://www.sciencedirect.com/science/article/pii/S0301479706001769"	NA	"UNKNOWN"	"YES"	"YES (implicit)"	"NO"	"YES"
"LNECloss"	"Newman et al. (2017)"	"YES"	"https://link.springer.com/article/10.1007/s10518-009-9160-3"	NA	"NO"	"YES"	"YES (implicit)"	"NO"	"YES"
"DPSIR FRAME"	"Newman et al. (2017)"	"YES"	"https://www.sciencedirect.com/science/article/pii/S146290111100092X"	NA	"NO"	"NO"	"NO"	"NO"	"NO"
"The Tyndall Coastal Simulator"	"Newman et al. (2017)"	"YES"	"https://doi.org/10.1007/s11852-009-0083-6"	NA	"NO"	"YES"	"YES (explicit)"	"NO"	"YES"
"Elbe DSS"	"Newman et al. (2017)"	"YES"	"https://link.springer.com/article/10.1007/s11269-008-9352-7"	NA	"YES"	"YES"	"YES (explicit)"	"NO"	"YES"
"FLOod COontrol Decision Support e
FLOCODS"	"Newman et al. (2017)"	"YES"	"https://www.sciencedirect.com/science/article/pii/S1364815205001738"	NA	"YES"	"YES"	"YES (explicit)"	"NO"	"YES"
"MAEviz e HAZTURK"	"Newman et al. (2017)"	"YES"	"https://doi.org/10.1080/13632460802013750"	NA	"UNKNOWN"	"YES"	"UNKNOWN"	"UNKNOWN"	"UNKNOWN"
"Trinity River Advanced Computing
Environment e TRACE"	"Newman et al. (2017)"	"YES"	"https://ascelibrary.org/doi/abs/10.1061/(ASCE)0733-9496(1995)121%3A5(375)"	NA	"YES"	"YES"	"YES (implicit)"	"UNKNOWN"	"YES"
"Wildfire Management System"	"Newman et al. (2017)"	"YES"	"https://academicjournals.org/journal/SRE/article-full-text-pdf/C50C67C18742"	NA	"YES"	"NO"	"NO"	"NO"	"NO"
"Seismic Vulnerability and risk
assessment e SeisVARA"	"Newman et al. (2017)"	"YES"	"https://www.sciencedirect.com/science/article/pii/S0267726113000183"	NA	"NO"	"YES"	"NO"	"NO"	"YES"
"ELER"	"Newman et al. (2017)"	"YES"	"https://doi.org/10.5194/nhess-10-2677-2010"	NA	"NO"	"YES"	"NO"	"NO"	"YES"
"CLIMSAVE"	"Newman et al. (2017)"	"YES"	"https://link.springer.com/article/10.1007/s10113-012-0361-y"	NA	"YES"	"YES"	"YES (explicit)"	"NO"	"YES"
"Dynamic and Interactive
Vulnerability Assessment e DIVA"	"Newman et al. (2017)"	"YES"	"https://www.sciencedirect.com/science/article/pii/S0959378009000247"	NA	"NO"	"YES"	"YES (explicit)"	"NO"	"YES"
"Regional Impact Simulator"	"Newman et al. (2017)"	"YES"	"https://doi.org/10.1007/s10584-008-9449-2"	NA	"NO"	"YES"	"NO"	"NO"	"YES"
"nofdp IDSS"	"Newman et al. (2017)"	"YES"	"https://kalypso.bjoernsen.de/fileadmin/kalypso/template/images/Veroeffentlichungen/nofdp_IDSS_UI2009.pdf"	NA	"NO"	"YES"	"YES (explicit)"	"NO"	"YES"
"FFIREDESSYS"	"Newman et al. (2017)"	"YES"	"https://www.sciencedirect.com/science/article/pii/S1364815204000933"	NA	"NO"	"YES"	"NO"	"NO"	"NO"
"AEGIS"	"Newman et al. (2017)"	"YES"	"https://doi.org/10.5194/nhess-16-643-2016"	NA	"YES"	"YES"	"YES (implicit)"	"NO"	"YES"
"AUTO-HAZARD PRO DSS e AHP"	"Newman et al. (2017)"	"YES"	"https://link.springer.com/article/10.1007/s10342-011-0534-0"	NA	"YES"	"YES"	"YES (implicit)"	"NO"	"YES"
"Wildfire Destruction Danger Index
DSS e WFDDI-DSS"	"Newman et al. (2017)"	"YES"	"https://www.sciencedirect.com/science/article/pii/S0304380004003564"	NA	"UNKNOWN"	"YES"	"YES (explicit)"	"NO"	"YES"
"Wildfire Risk Reduction DSS e
WRR-DSS"	"Newman et al. (2017)"	"YES"	"https://www.sciencedirect.com/science/article/pii/S1574954107000799/pdfft?md5=75ee0d78d1e80ea529d98ff3799eb77d&pid=1-s2.0-S1574954107000799-main.pdf"	NA	"NO"	"YES"	"YES (explicit)"	"NO"	"YES"
"Maeviz-Instanbul HAZTURK"	"Newman et al. (2017)"	"YES"	"https://mae.cee.illinois.edu/software/software_maeviz.html"	NA	"UNKNOWN"	"YES"	"NO"	"NO"	"NO"
"HAZUS"	"Newman et al. (2017)"	"YES"	"https://ascelibrary.org/doi/abs/10.1061/(ASCE)1527-6988(2006)7:2(94)"	NA	"NO"	"YES"	"YES (implicit)"	"NO"	"YES"
"Coupled Multi-Scale Downscaling
Climate System"	"Newman et al. (2017)"	"YES"	"https://ieeexplore.ieee.org/abstract/document/5664389"	NA	"NO"	"YES"	"YES (implicit)"	"NO"	"YES"
"SuperDecisions"	"Newman et al. (2017)"	"YES"	"https://doi.org/10.1007/s00477-005-0009-2"	NA	"NO"	"YES"	"YES (implicit)"	"NO"	"YES"
"Evacuation management decision
support system e EMDSS)"	"Newman et al. (2017)"	"YES"	"https://link.springer.com/article/10.1007/s11069-006-9013-1"	NA	"NO"	"YES"	"NO"	"NO"	"YES"
"exitus"	"Newman et al. (2017)"	"YES"	"https://www.sciencedirect.com/science/article/pii/S0957417412001972/pdfft?md5=807eebffbd0f2c9125c57f0b95126dd7&pid=1-s2.0-S0957417412001972-main.pdf"	NA	"NO"	"YES"	"NO"	"NO"	"NO"
"Comprehensive Approach to
Probabilistic Risk Assessment e
CAPRA"	"Newman et al. (2017)"	"YES"	"https://doi.org/10.1007/s11069-013-0685-z"	NA	"NO"	"YES"	"NO"	"NO"	"NO"
"LEOPARDS"	"Newman et al. (2017)"	"YES"	"https://www.sciencedirect.com/science/article/pii/S1389934112002730"	NA	"NO"	"YES"	"NO"	"NO"	"YES"
"KITRAL"	"Newman et al. (2017)"	"YES"	NA	NA	"NO"	"YES"	"NO"	"NO"	"YES"
"SINAMI"	"Newman et al. (2017)"	"YES"	NA	NA	"NO"	"YES"	"YES (explicit)"	"NO"	"YES"
"Fire Program Analysis FPA"	"Newman et al. (2017)"	"YES"	NA	NA	"NO"	"YES"	"NO"	"NO"	"YES"
"Fire-Climate-Society e FCS-1"	"Newman et al. (2017)"	"YES"	"https://connectsci.au/wf/article-abstract/19/1/123/23168/Integrating-values-and-risk-perceptions-into-a?redirectedFrom=fulltext"	NA	"UNKNOWN"	"UNKNOWN"	"UNKNOWN"	"UNKNOWN"	"UNKNOWN"
"Laguna Lake Development Authority - LLDA DSS"	"Newman et al. (2017)"	"YES"	"https://www.sciencedirect.com/science/article/pii/S0025326X02004071"	NA	"UNKNOWN"	"UNKNOWN"	"UNKNOWN"	"UNKNOWN"	"UNKNOWN"
"Wildland Fire Decision Support
System"	"Newman et al. (2017)"	"YES"	"https://onlinelibrary.wiley.com/doi/full/10.1155/2011/168473"	NA	"YES"	"YES"	"YES (explicit)"	"NO"	"YES"
"OpenQuake"	"Newman et al. (2017)"	"YES"	"https://doi.org/10.1785/0220130087"	NA	"UNKNOWN"	"UNKNOWN"	"UNKNOWN"	"UNKNOWN"	"UNKNOWN"
"InaSAFE"	"Newman et al. (2017)"	"YES"	"https://pubs.aip.org/aip/acp/article-abstract/1658/1/060001/802403/InaSAFE-applications-in-disaster-preparedness"	NA	"UNKNOWN"	"UNKNOWN"	"UNKNOWN"	"UNKNOWN"	"UNKNOWN"
"Intelligent Disaster Decision Support System e IDSS"	"Newman et al. (2017)"	"YES"	"https://doi.org/10.1111/1477-8947.12070"	NA	"YES"	"YES"	"YES (explicit)"	"NO"	"YES"
"ESCENARIS; SES 2002"	"Newman et al. (2017)"	"YES"	"https://doi.org/10.1007/s10518-006-9003-4"	NA	"NO"	"YES"	"NO"	"NO"	"NO"
"DamAid"	"Newman et al. (2017)"	"YES"	"https://link.springer.com/article/10.1023/A:1022225108547"	NA	"YES"	"NO"	"NO"	"NO"	"NO"
"System for Evaluation and Diagnosis
of Disasters e SEDD"	"Newman et al. (2017)"	"YES"	"https://doi.org/10.1007/s00291-011-0252-5"	NA	"NO"	"YES"	"NO"	"NO"	"NO"
"DSS-large rivers"	"Newman et al. (2017)"	"YES"	"https://www.sciencedirect.com/science/article/pii/S1474706503001098/pdfft?md5=a96f837a02679bf690c325361a5ae56b&pid=1-s2.0-S1474706503001098-main.pdf"	NA	"UNKNOWN"	"YES"	"YES (explicit)"	"NO"	"YES"
"RiskScape"	"Newman et al. (2017)"	"YES"	"https://doi.org/10.1007/s11069-011-9721-z"	NA	"NO"	"YES"	"YES (explicit)"	"NO"	"YES"
"(Risk.iitb"	"Newman et al. (2017)"	"YES"	"https://doi.org/10.63898/jivl4708"	NA	"NO"	"YES"	"NO"	"NO"	"YES"
"German Indonesian Tsunami Early
Warning System DSS e GITEWS"	"Newman et al. (2017)"	"YES"	"https://doi.org/10.5194/nhess-11-67-2011"	NA	"YES"	"NO"	"NO"	"NO"	"NO"
"FireNVC"	"Newman et al. (2017)"	"YES"	"https://www.sciencedirect.com/science/article/pii/S1364815214002825/pdfft?md5=ee37371f2e115c5bcd4a0d024c3eee8f&pid=1-s2.0-S1364815214002825-main.pdf"	NA	"NO"	"UNKNOWN"	"UNKNOWN"	"NO"	"UNKNOWN"
"Decision Support System for Coastal
Climate Change Impact
Assessment e DESYCO"	"Newman et al. (2017)"	"YES"	"https://www.sciencedirect.com/science/article/pii/S0964569115300545/pdfft?md5=732f50598b5afda56768193b55b979a7&pid=1-s2.0-S0964569115300545-main.pdf"	NA	"YES"	"YES"	"YES (explicit)"	"NO"	"YES"
"SUPREME"	"Newman et al. (2017)"	"YES"	"https://ct.prod.getft.io/c2NpZW5jZWRpcmVjdF9jb250ZW50aG9zdGluZyxzcHJpbmdlcixodHRwOi8vbGluay5zcHJpbmdlci5jb20vMTAuMTE4Ni8xNDc2LTA3MngtMTAtMzk_dXRtX3NvdXJjZT1nZXRmdHImdXRtX21lZGl1bT1nZXRmdHImdXRtX2NhbXBhaWduPWdldGZ0cl9waWxvdA.yqDH58JTGR2RtMIk9oB06GMTLQa0hA8iYUzg1jSaZJY"	NA	"YES"	"YES"	"NO"	"NO"	"YES"
"RISK-KIT"	"Newman et al. (2017)"	"YES"	"https://doi.org/10.2112/SI70-062.1"	NA	"UNKNOWN"	"UNKNOWN"	"UNKNOWN"	"UNKNOWN"	"UNKNOWN"
"OSIRIS"	"Newman et al. (2017)"	"YES"	"https://www.sciencedirect.com/science/article/pii/S0013795209001689/pdfft?md5=19bdc5d049c850161e34c0c65fd3b9f2&pid=1-s2.0-S0013795209001689-main.pdf"	NA	"NO"	"YES"	"YES (implicit)"	"NO"	"YES"
"Landscape Ecological Decision and
Evaluation Support System Model
e LEDESS"	"Newman et al. (2017)"	"YES"	"https://doi.org/10.1002/ird.672"	NA	"NO"	"YES"	"YES (explicit)"	"NO"	"YES"
"Heterogeneous Multi-Criteria
Multi-Expert Decision-Making
MC-ME-DM"	"Newman et al. (2017)"	"YES"	"https://www.sciencedirect.com/science/article/pii/S1364815213001825/pdfft?md5=30a48999c9a9b6b61d6611f75433eec5&pid=1-s2.0-S1364815213001825-main.pdf"	NA	"NO"	"YES"	"YES (implicit)"	"NO"	"YES"
"Innovative coastal technologies for safer European coasts in a changing climate DSS e THESEUS"	"Newman et al. (2017)"	"YES"	"https://www.sciencedirect.com/science/article/pii/S0378383913001968/pdfft?md5=1c6ebe4e7f656527af29f7b546363a86&pid=1-s2.0-S0378383913001968-main.pdf"	NA	"NO"	"YES"	"YES (explicit)"	"NO"	"YES"
"WEBFRIS"	"Non-systematic"	"YES"	"https://www.ewra.net/ew/pdf/EW_2020_69-70_03.pdf"	NA	"YES"	"UNKNOWN"	"UNKNOWN"	"UNKNOWN"	"UNKNOWN"
"Co$ting Nature"	"Non-systematic"	"YES"	"https://oppla.eu/resource/coting-nature"	NA	"YES"	"YES"	"YES (explicit)"	"UNKNOWN"	"YES"
"Mapping Ecosystem Services to Human well-being – MESH"	"Non-systematic"	"YES"	"https://pubmed.ncbi.nlm.nih.gov/31348562/"	NA	"NO"	"YES"	"YES (explicit)"	"NO"	"YES"
"TerrSet liberaGIS Geospatial Monitoring and Modeling Software"	"Non-systematic"	"YES"	"https://www.clarku.edu/centers/geospatial-analytics/terrset/"	NA	"UNKNOWN"	"YES"	"UNKNOWN"	"NO"	"YES"
"Visualizing Ecosystem Land Management Assessments (VELMA) Model"	"Non-systematic"	"YES"	"https://www.epa.gov/water-research/visualizing-ecosystem-land-management-assessments-velma-model"	NA	"NO"	"YES"	"UNKNOWN"	"NO"	"YES"
"Ecosystem Management Decision Support (EMDS)"	"USDA Forest: Decision"	"YES"	"https://research.fs.usda.gov/treesearch/67247"	NA	"UNKNOWN"	"YES"	"YES (explicit)"	"NO"	"YES"
"Wildland Fire Decision Support System (WFDSS)"	"USDA Forest: Decision"	"YES"	"https://wfdss.firenet.gov/help/Content/Home.htm"	NA	"YES"	"YES"	"NO"	"UNKNOWN"	"YES"
"Interagency Fuel Treatment Decision Support System (IFTDSS)"	"USDA Forest: Decision"	"NO"	"https://research.fs.usda.gov/firelab/products/dataandtools/interagency-fuel-treatment-decision-support-system-iftdss"	NA	NA	NA	NA	NA	NA
"ForSys"	"USDA Forest: Decision"	"YES"	"https://www.forsysplanning.org/"	NA	"NO"	"YES"	"YES (explicit)"	"NO"	"YES"
"Template for Assessing Climate Change Impacts and Management Options (TACCIMO)"	"USDA Forest: Decision"	"NO"	"https://research.fs.usda.gov/srs/products/dataandtools/template-assessing-climate-change-impacts-and-management-options-taccimo"	NA	NA	NA	NA	NA	NA
"ALBERT 1.0"	"USDA Forest: Decision"	"YES"	"https://research.fs.usda.gov/treesearch/68099"	NA	"NO"	"YES"	"YES (explicit)"	"NO"	"YES"
"Incident Strategic Alignment Process (ISAP)"	"USDA Forest: Decision"	"YES"	"https://research.fs.usda.gov/rmrs/products/dataandtools/incident-strategic-alignment-process-isap"	NA	"NO"	"NO"	"NO"	"NO"	"NO"
"FireCon"	"USDA Forest: Decision"	"YES"	"https://research.fs.usda.gov/treesearch/54858"	NA	"NO"	"UNKNOWN"	"UNKNOWN"	"UNKNOWN"	"UNKNOWN"
"Western Oregon WeT DRy model (WOWTDR)"	"USDA Forest: Model"	"YES"	"https://research.fs.usda.gov/pnw/products/dataandtools/western-oregon-wet-dry-model-wowtdr"	NA	"UNKNOWN"	"YES"	"NO"	"UNKNOWN"	"YES"
"Westside Elk Modeling Tools"	"USDA Forest: Model"	"YES"	"https://research.fs.usda.gov/pnw/products/dataandtools/westside-elk-modeling-tools-and-datasets"	NA	"YES"	"YES"	"UNKNOWN"	"NO"	"YES"
"FireBGCv2"	"USDA Forest: Model"	"YES"	"https://research.fs.usda.gov/firelab/products/dataandtools/firebgcv2-landscape-fire-model"	NA	"NO"	"YES"	"YES (explicit)"	"NO"	"YES"
"GrowChinook Model"	"USDA Forest: Model"	"YES"	"https://growchinook.fw.oregonstate.edu/"	"https://cdnsciencepub.com/doi/abs/10.1139/cjfas-2018-0420"	"YES"	"YES"	"NO"	"NO"	"YES"
"Integrated Landscape Assessment Program (ILAP)"	"USDA Forest: Model"	"YES"	"https://inr.oregonstate.edu/ilap"	NA	"UNKNOWN"	"NO"	"NO"	"NO"	"NO"
"MC2 Dynamic Global Vegetation Model"	"USDA Forest: Model"	"YES"	NA	"https://www.sciencedirect.com/science/article/pii/S2405880717301371?via%3Dihub"	"NO"	"UNKNOWN"	"UNKNOWN"	"UNKNOWN"	"UNKNOWN"
"Aquatic and riparian state and transition models for the Blue Mountains of northeastern Oregon and the northern Oregon Coast Range"	"USDA Forest: Model"	"YES"	"https://research.fs.usda.gov/pnw/products/dataandtools/aquatic-and-riparian-state-and-transition-models-blue-mountains"	NA	"UNKNOWN"	"YES"	"UNKNOWN"	"NO"	"YES"
"Snag Hazard map"	"USDA Forest: Model"	"YES"	"https://research.fs.usda.gov/treesearch/65917"	NA	"YES"	"YES"	"NO"	"UNKNOWN"	"YES"
"Climate Risk Indicators"	"Forest Research DST"	"YES"	"https://uk-cri.org/"	NA	"YES"	"NO"	"UNKNOWN"	"NO"	"YES"
"Ecological Site Classification (ESC)
"	"Forest Research DST"	"YES"	"http://www.forestdss.org.uk/geoforestdss/"	"http://www.forestdss.org.uk/geoforestdss/ESC_Quickstart_Guide_4_3_3.pdf"	"YES"	"YES"	"NO"	"NO"	"YES"
"myForest"	"Forest Research DST"	"YES"	"https://myforest.sylva.org.uk/"	NA	"YES"	"UNKNOWN"	"UNKNOWN"	"UNKNOWN"	"UNKNOWN"
"The Right Trees for Changing Climate Database"	"Forest Research DST"	"YES"	"http://www.righttrees4cc.org.uk/"	NA	"YES"	"YES"	"UNKNOWN"	"NO"	"YES"
"ClimateMatch"	"Forest Research DST"	"YES"	"https://www.forestresearch.gov.uk/tools-and-resources/fthr/climate-matching-tool/"	NA	"YES"	"NO"	"UNKNOWN"	"NO"	"YES"
"Biomass Inventory Mapping and Analysis Tool"	"Ontario DSS"	"YES"	"https://onforagenetwork.ca/wp-content/uploads/2021/04/Can-International-Farm-Show-BIMAT-2012-.pdf"	NA	"YES"	"YES"	"YES (explicit)"	"NO"	"YES"
"Canopeo"	"Ontario DSS"	"YES"	"http://www.canopeoapp.com/"	NA	"YES"	"NO"	"NO"	"NO"	"NO"
"Farm at Hand"	"Ontario DSS"	"YES"	"https://decisivefarming.com/farmathand/"	NA	"YES"	"UNKNOWN"	"UNKNOWN"	"UNKNOWN"	"UNKNOWN"
"Field Statistics"	"Ontario DSS"	"NO"	"http://gfo.ca/apps"	NA	NA	NA	NA	NA	NA
"Greenhouse Gas Ontario Covered Agriculture Calculator"	"Ontario DSS"	"YES"	"https://gocalc-calogazs.ca/"	NA	"UNKNOWN"	"UNKNOWN"	"UNKNOWN"	"UNKNOWN"	"UNKNOWN"
"Holos"	"Ontario DSS"	"NO"	"http://www.agr.gc.ca/eng/science-and-innovation/results-of-agricultural-research/holos-software-program/?id=1349181297838"	NA	NA	NA	NA	NA	NA
"The Cool Farm Tool"	"Ontario DSS"	"YES"	"https://coolfarm.org/"	NA	"YES"	"YES"	"NO"	"NO"	"YES"
"The Greenhouse Gas Ontario Covered Agriculture Calculator"	"Ontario DSS"	"YES"	"https://www.ontariosoilcrop.org/go-calc/"	NA	"UNKNOWN"	"UNKNOWN"	"UNKNOWN"	"UNKNOWN"	"UNKNOWN"
"Feed Smart"	"Ontario DSS"	"YES"	"https://www.feedsmart.co.nz/"	NA	"YES"	"YES"	"NO"	"NO"	"NO"
"Pro Grass Rotation"	"Ontario DSS"	"NO"	"http://smallfarms.cornell.edu/resources/tools-and-technology/"	NA	NA	NA	NA	NA	NA
"FarmRite"	"Ontario DSS"	"YES"	"https://www.farmbrite.com/demo"	NA	"YES"	"UNKNOWN"	"UNKNOWN"	"UNKNOWN"	"UNKNOWN"
"Michigan EnviroImpact"	"Ontario DSS"	"YES"	"http://www.enviroimpact.iwr.msu.edu/"	NA	"YES"	"NO"	"NO"	"NO"	"NO"
"Ohio Runoff Risk Advisory Forecast"	"Ontario DSS"	"YES"	"https://ohioagriculture.maps.arcgis.com/apps/MapSeries/index.html?appid=eb26dee440984d87bb6474c0592eb509"	NA	"YES"	"NO"	"NO"	"NO"	"NO"
"Runoff Risk Advisory Forecast"	"Ontario DSS"	"YES"	"http://www.manureadvisorysystem.wi.gov/app/runoffrisk"	NA	"YES"	"YES"	"NO"	"NO"	"NO"
"Farm Scout Pro"	"Ontario DSS"	"YES"	"https://play.google.com/store/apps/details?id=air.com.taplogic.scout&hl=ln"	"https://farmscoutpro.com/"	"YES"	"NO"	"NO"	"NO"	"NO"
"Pest Manager App"	"Ontario DSS"	"YES"	"https://play.google.com/store/apps/details?id=com.agnition.pestmanager&hl=ln"	NA	"YES"	"NO"	"NO"	"NO"	"NO"
"Crop Water"	"Ontario DSS"	"YES"	"https://itunes.apple.com/us/app/crop-water/id557926049?mt=8"	NA	"UNKNOWN"	"NO"	"NO"	"NO"	"NO"
"Revised Universal Soil Loss Equation Verion 2"	"Ontario DSS"	"YES"	"http://www.omafra.gov.on.ca/english/engineer/rusle2/index.htm"	NA	"UNKNOWN"	"YES"	"NO"	"NO"	"YES"
"Agrifoods GIS"	"Ontario DSS"	"NO"	"http://www.faa.gov.nl.ca/agrifoods/gis/index.html"	NA	NA	NA	NA	NA	NA
"AgSolver - Sustainability Data Services"	"Ontario DSS"	"YES"	"http://www.efcsystems.com/index.php/agronomicplanningandsustainability/"	NA	"YES"	"UNKNOWN"	"UNKNOWN"	"UNKNOWN"	"UNKNOWN"
"Geospatial Products from AAFC. National Ecological Framework for Canada"	"Ontario DSS"	"YES"	"https://agriculture.canada.ca/atlas/apps/aef/main/index_en.html?AGRIAPP=3&APPID=e87af05bd35848598994b13f45a24a25&WEBMAP-EN=302f656cd80c42af85e9b411e7202c8f&WEBMAP-FR=b595bef91d8d4ec3817eae5b5dfd4d61&mapdescription=true&print=true&breadcrumb=b1,b2,b10,b3&adjust_to_viewport=true"	NA	"YES"	"NO"	"NO"	"NO"	"NO"
"Canadian ArcView Nutrient and Water Evaluation Tool"	"Ontario DSS"	"YES"	"http://guelph.ca/wp-content/uploads/SMMP-Appendix_N.pdf"	NA	"NO"	"YES"	"UNKNOWN"	"NO"	"YES"
"Ontario Flow Assessment Tool"	"Ontario DSS"	"YES"	"https://dr6j45jk9xcmk.cloudfront.net/documents/4558/sdi-ofatiii-quickstartguide-eng-2014-11-25.pdf"	NA	"YES"	"YES"	"UNKNOWN"	"NO"	"YES"
"Riparian Planner"	"Ontario DSS"	"YES"	"https://riparian-planner.dairynz.co.nz/"	NA	"NO"	"UNKNOWN"	"UNKNOWN"	"UNKNOWN"	"UNKNOWN"
"AgroClimate Impact Reporter"	"Ontario DSS"	"YES"	"https://publications.gc.ca/collections/collection_2015/aac-aafc/A59-28-2015-eng.pdf"	NA	"YES"	"NO"	"NO"	"NO"	"NO"
"AgroClimate Maps"	"Ontario DSS"	"YES"	NA	NA	"YES"	"NO"	"NO"	"NO"	"NO"
"Satellite Soil Moisture"	"Ontario DSS"	"YES"	"https://agriculture.canada.ca/en/agricultural-production/weather/satellite-soil-moisture"	NA	"YES"	"NO"	"NO"	"NO"	"NO"
"SPUDcast"	"Ontario DSS"	"YES"	"https://www.weatherinnovations.com/support-models.html"	NA	"YES"	"YES"	"NO"	"NO"	"NO"
"VITIcast"	"Ontario DSS"	"YES"	"https://www.weatherinnovations.com/support-models.html"	NA	"YES"	"YES"	"NO"	"NO"	"NO"
"WHEATcast"	"Ontario DSS"	"YES"	"https://www.weatherinnovations.com/support-models.html"	NA	"YES"	"YES"	"NO"	"NO"	"NO"
"BEETcast"	"Ontario DSS"	"YES"	"https://www.weatherinnovations.com/support-models.html"	NA	"YES"	"YES"	"NO"	"NO"	"NO"
"Computer Centre for Agricultural Pest Forecasting"	"Ontario DSS"	"YES"	"https://agriculture.canada.ca/en/agricultural-production/crop-protection/computer-centre-agricultural-pest-forecasting-cipra"	NA	"YES"	"YES"	"UNKNOWN"	"NO"	"YES"
"SPRAYcast"	"Ontario DSS"	"YES"	"https://www.weatherinnovations.com/support-models.html"	NA	"YES"	"NO"	"UNKNOWN"	"NO"	"YES"
"Climate FieldView"	"Ontario DSS"	"YES"	"https://www.climatefieldview.fr/"	NA	"YES"	"YES"	"NO"	"UNKNOWN"	"YES"
"FarmPad"	"Ontario DSS"	"YES"	"https://play.google.com/store/apps/details?id=air.com.taplogic.farmpad&hl=fr"	NA	"YES"	"NO"	"NO"	"NO"	"NO"
"The Basin Characterization Model (BCM)"	"US Climate Resilience: Model"	"YES"	"http://climate.calcommons.org/bcm"	NA	"YES"	"YES"	"UNKNOWN"	"NO"	"YES"
"Community Earth System Model (CESM)"	"US Climate Resilience: Model"	"YES"	"https://escomp.github.io/CESM/versions/cesm2.1/html/"	NA	"NO"	"YES"	"UNKNOWN"	"NO"	"YES"
"RiverWare"	"US Climate Resilience: Model"	"YES"	"https://riverware.org/"	NA	"NO"	"YES"	"NO"	"NO"	"YES"
"SLAMM: Sea Level Affecting Marshes Model"	"US Climate Resilience: Model"	"YES"	"https://warrenpinnacle.com/prof/SLAMM/index.html"	NA	"NO"	"YES"	"UNKNOWN"	"NO"	"YES"
"Model Analyses and Guidance"	"US Climate Resilience: Model"	"YES"	"https://mag.ncep.noaa.gov/"	NA	"YES"	"YES"	"UNKNOWN"	"NO"	"YES"
"National Water Model"	"US Climate Resilience: Model"	"YES"	"https://water.noaa.gov/map"	NA	"YES"	"YES"	"UNKNOWN"	"NO"	"YES"
"VELMA Version 2.0"	"US Climate Resilience: Model"	"YES"	"https://www.epa.gov/sites/default/files/2016-01/documents/velma_2.0_user_manual.pdf"	NA	"NO"	"YES"	"YES (explicit)"	"NO"	"YES"
"Wave Exposure Model"	"US Climate Resilience: Model"	"YES"	"https://coast.noaa.gov/digitalcoast/tools/wemo.html"	NA	"NO"	"YES"	"UNKNOWN"	"NO"	"YES"
"ARIES"	"IPBES Habitat Management"	"YES"	"https://aries.integratedmodelling.org/"	NA	"YES"	"YES"	"YES (explicit)"	"UNKNOWN"	"YES"
"ECOPLAN - SE (Scenario Evaluator)"	"IPBES Habitat Management"	"YES"	"https://www.uantwerpen.be/en/research-groups/ecoplan/ecoplan-tools/scenario-evaluator/"	NA	"NO"	"YES"	"UNKNOWN"	"NO"	"YES"
"MARXAN"	"IPBES Habitat Management"	"YES"	"https://marxansolutions.org/software/"	NA	"NO"	"YES"	"YES (explicit)"	"NO"	"YES"
"Natuurwaardeverkenner (Nature Value Explorer)"	"IPBES Habitat Management"	"YES"	"https://www.natuurwaardeverkenner.be/"	NA	"YES"	"YES"	"YES (implicit)"	"NO"	"YES"
"InVEST"	"IPBES Habitat Management"	"YES"	"https://naturalcapitalproject.stanford.edu/software/invest/invest-downloads-data"	NA	"YES"	"YES"	"YES (explicit)"	"NO"	"YES"
"Global Forest Watch (GFW)"	"IPBES Habitat Management"	"YES"	"https://www.globalforestwatch.org/about/"	"https://play.google.com/store/apps/details?id=com.forestwatcher"	"YES"	"UNKNOWN"	"UNKNOWN"	"UNKNOWN"	"UNKNOWN"
"CLUMondo model (EU Level Ecosystem Services Mapping Toolbox)"	"IPBES Habitat Management"	"YES"	"https://www.environmentalgeography.nl/site/data-models/models/clumondo-model/"	"file:///C:/Users/basti/Downloads/CLUMondo%20documentation%20nov%202017.pdf"	"NO"	"YES"	"UNKNOWN"	"NO"	"YES"
"CLUE model (EU Level Ecosystem Services Mapping Toolbox)"	"IPBES Habitat Management"	"YES"	"https://www.environmentalgeography.nl/site/data-models/data/clue-model/"	"file:///C:/Users/basti/Downloads/CLUE_manual.pdf"	"NO"	"YES"	"UNKNOWN"	"NO"	"YES"
"Interactive tool to assess and visualise land use preferences - LANDPREF"	"IPBES Habitat Management"	"YES"	"https://landpref.org/"	"https://www.sciencedirect.com/science/article/pii/S2212041617300578"	"YES"	"NO"	"NO"	"NO"	"NO"
"Ecosystem Services Partnership Visualization Tool (ESP-VT)."	"IPBES Habitat Management"	"YES"	"https://www.sciencedirect.com/science/article/pii/S2212041614001594?via%3Dihub"	NA	"YES"	"NO"	"NO"	"NO"	"NO"
"The Multiscale Integrated Model of Ecosystem Services (MIMES)"	"IPBES Habitat Management"	"YES"	"https://www.sciencedirect.com/science/article/pii/S2212041615000054"	NA	"YES"	"YES"	"UNKNOWN"	"NO"	"YES"
"Mapforge"	"IPBES Habitat Management"	"YES"	"https://github.com/mapsforge/mapsforge"	NA	"UNKNOWN"	"NO"	"NO"	"UNKNOWN"	"NO"
"Integrated Biodiversity Assessment Tool (IBAT)"	"IPBES Habitat Management"	"YES"	"https://www.ibat-alliance.org/"	NA	"YES"	"NO"	"NO"	"NO"	"NO"
"Corn Split N Tool"	"US Climate Resilience: Investigate"	"YES"	"https://mygeohub.org/groups/u2u/purdue_splitn"	NA	"YES"	"YES"	"UNKNOWN"	"NO"	"YES"
"The Agricultural Conservation Planning Framework (ACPF) is a free ArcGIS toolbox"	"US Climate Resilience: Investigate"	"YES"	"https://acpf4watersheds.org/files/inline-files/Agricultural-Conservation-Planning-Toolbox-UsersManual_v7_wLinks.pdf"	NA	"YES"	"UNKNOWN"	"UNKNOWN"	"UNKNOWN"	"UNKNOWN"
"SF Bay Future Tidal Marsh"	"US Climate Resilience: Investigate"	"YES"	"https://data.pointblue.org/apps/sfbslr_map/sfbmap_html.php"	NA	"YES"	"YES"	"NO"	"NO"	"YES"
"CSF Water Deficit Calculator"	"US Climate Resilience: Investigate"	"YES"	"https://climatesmartfarming.org/tools/csf-water-deficit-calculator/"	NA	"UNKNOWN"	"YES"	"UNKNOWN"	"NO"	"NO"
